ime,letnica rojstva
aage-justesen,1918
abraham-hardy,1910
adelhajda-mroske,1944
adelia-marra,1979
adne-sondral,1971
adolf-fredrik-van-der-scheer,1909
adriana-visser,1961
aihua-xing,1978
ake-ekman,1912
ake-seyffarth,1919
aki-tonoike,1979
akiko-aruga,1945
akira-kuroiwa,1961
akos-elefky,1923
alan-francis-luke,1959
albert-hassler,1903
alberts-rumba,1892
aleksandr-golubev,1972
aleksandr-kertchenko,1946
aleksandr-kibalko,1973
aleksandr-klimov,1965
aleksandr-lebedev,1987
aleksandr-safronov,1952
aleksandr-zhigin,1986
aleksey-belyayev,1985
aleksey-khatylyov,1983
aleksey-suvorov,1991
aleksey-yesin,1987
alessandro-de-taddei,1971
alexander-baumgaertel,1972
alexander-edminston-connell,1930
alexander-mitt,1903
alexander-rumyantsev,1986
alexej-baumgaertner,1988
alexey-proshin,1974
alexis-contin,1986
alf-rekstad,1951
alfred-altenburger,1923
alfred-george-broadhurst,1927
alie-boorsma,1959
alla-butova,1950
alla-shabanova,1982
alv-gjestvang,1937
amanda-jane-horsepool,1959
amy-sannes,1977
anatoli-medennikov,1958
andre-hoffmann,1961
andrea-ehrig,1960
andrea-giovannini,1993
andrea-jakab,1981
andrea-nuyt,1974
andreas-dietel,1959
andreas-ehrig,1959
andreas-lemcke,1959
andrei-bakhvalov,1963
andrei-bobrov,1964
andrei-erdelyi,1955
andrew-barron,1951
andrew-nicholson,1961
andrey-anufriyenko,1970
andrey-fomin,1977
andrey-krivosheyev,1970
andrey-malikov,1954
angela-hauck,1965
angela-zuckerman,1965
anja-mischke,1967
anke-baier-loef,1972
anna-chernova,1992
anna-natalia-rokita,1986
anna-ringsred,1984
anna-sablina,1945
anna-savelieva,1977
annamarie-thomas,1971
anne-henning,1955
anneli-repola,1954
annette-bjelkevik,1978
annette-gerritsen,1985
annette-karlsson,1956
anni-friesinger,1977
annie-borckink,1951
annie-driscoll,1978
annouk-van-der-weijden,1986
antero-ojala,1916
anthony-bullen,1931
antoinette-de-jong,1995
anton-huiskes,1928
antonio-nitto,1938
ants-antson,1938
anzhelika-gavrilova,1978
anzhelika-kotyuga,1970
archibald-marshall,1952
ard-schenk,1944
ariane-loignon,1965
arie-loef,1969
arja-kantola,1949
arjan-schreuder,1972
arjen-van-de-kieft,1985
armand-henning-carlsen,1905
arne-dankers,1980
arne-herjeaunet,1945
arne-johansen,1927
arnulf-sunde,1951
arthur-francis-seaman,1923
arthur-mannsbarth,1930
arthur-vollstedt,1892
artur-szafranski,1971
artyom-detyshev,1978
arvids-lejnieks,1912
asser-wallenius,1902
atje-deelstra,1938
atle-vaarvik,1965
axel-blomqvist,1894
axel-johansson,1910
ayaka-kikuchi,1987
bae-young-jeong,1976
bajro-cenanovic,1968
barbara-de-loor,1974
barbara-lockhart,1941
bart-swings,1991
bart-veldkamp,1967
becky-sundstrom,1976
behudin-merdovic,1961
beixing-wang,1985
bengt-malmsten,1922
benjamin-mace,1989
benoit-lamarche,1966
bente-kraus,1989
beorn-nijenhuis,1984
berend-schabus,1957
berndt-stephan-blaisse,1911
bernt-evensen,1905
bernt-jansson,1950
bert-de-jong,1955
berta-kolokoltseva,1937
bertel-backmann,1905
bertil-eng,1930
beth-heiden,1959
beverly-buhr,1941
bibija-kerla,1959
birger-wasenius,1911
bo-karenus,1937
bo-ollander,1943
bo-reum-kim,1993
bo-ra-lee,1986
bob-johannes-carolus-de-jong,1976
bohumil-jauris,1933
bok-soon-kim,1950
bonnie-blair,1964
boris-gulayev,1941
boris-repnine,1962
boris-shilkov,1927
boris-stenin,1935
boris-tsybin,1928
boris-yakimov,1932
brenda-webster,1961
brendan-eppert,1970
brian-hansen,1972
brian-wanek,1967
brianne-tutt,1992
brigitte-flierl,1956
brigitte-reichert,1946
brigt-rykkje,1975
brittany-bowe,1988
brittany-schussler,1985
bronislav-snetkov,1967
bruce-peppin,1924
bruno-milesi,1965
bruno-toniolli,1943
bryan-carbis,1961
bujiin-jalbaa,1943
carien-kleibeuker,1978
carl-verheijen,1975
carl-erik-asplund,1923
carla-zijlstra,1969
carlo-calza,1931
carolina-geijssen,1947
caroline-maheux,1969
casey-fitzrandolph,1975
catherine-grage,1976
catherine-raney-norman,1980
cathy-priestner,1956
catriona-le-may-doan,1970
cedric-kuentz,1973
cerasela-hordobetiu,1968
chad-hedrick,1977
chang-hae-kim,1968
chang-suk-chong,1974
changyu-li,1983
chantal-bailey,1965
chantal-cote,1964
charles-de-ligne,1895
charles-gilmore,1950
charles-jewtraw,1900
charles-mathisen,1911
charles-ryan-leveille-cox,1983
charles-william-burke,1930
chen-song,1967
cheng-jiang-guo,1955
cheol-min-kim,1992
chiara-simionato,1975
chieko-ito,1954
chiharu-nozaki,1973
ching-yang-sung,1992
chong-soon-kim,1931
choon-bong-kim,1941
choon-za-ryoo,1943
christa-jaarsma,1952
christian-breuer,1976
christian-eminger,1964
christina-karlsson,1946
christina-scherling,1940
christine-aaftink,1966
christine-nesbitt,1985
christine-scheels,1977
christine-witty,1975
christoffer-fagerli-rukke,1988
christopher-shelley,1963
chun-wol-kim,1974
chun-ok-han,1965
chung-kook-lee,1921
chunyan-fu,1989
chunyuan-yang,1973
cindy-klassen,1979
cindy-overland,1976
cindy-seikkula,1958
claes-hakan-bengtsson,1959
clara-hughes,1972
clark-king,1949
clas-thunberg,1893
claude-nicouleau,1961
claudia-pechstein,1972
claudiu-grozea,1982
colin-hickey,1931
colin-victor-coates,1951
connie-carpenter,1957
connie-paraskevin-young,1961
cornelia-harrington,1943
cornelia-jacob,1960
cornelis-broekman,1927
cornelis-pieter-van-der-elst,1928
cornelis-verkerk,1942
craig-albert-mcnicol,1971
craig-kressler,1961
craig-mackay,1927
craig-webster,1957
csaba-madarasz,1968
cyril-walter-horn,1904
dag-fornaess,1948
daichi-yamanaka,1990
dan-johansson,1950
dan-li,1988
daniel-friberg,1989
daniel-greig,1991
daniel-immerfall,1955
daniel-jansen,1965
daniel-joseph-carroll,1949
daniel-turcotte,1962
daniela-anschuetz,1974
daniela-oltean,1980
danny-kah,1967
dave-cruikshank,1969
david-andersson,1994
david-besteman,1963
david-george-bodington,1947
david-hampton,1947
david-kramar,1979
david-tamburrino,1972
david-william-silk,1965
delbert-thomas-lamb,1914
dengwen-dai,1976
denis-kuzin,1988
denis-yuskov,1989
dennis-blundell,1921
denny-morrison,1985
derek-parra,1970
dezideriu-horvath,1970
dezideriu-szillard-jenei,1960
diane-valkenburg,1984
dianne-holum,1951
dino-gillarduzzi,1975
dmitry-babenko,1985
dmitry-dorofeyev,1976
dmitry-lobkov,1981
dmitry-shepel,1978
do-yeong-park,1993
donald-mcdermott,1929
dong-ok-choi,1950
doreen-mccannell,1947
doreen-ryan,1931
dubravka-vukusic,1965
dustin-molicki,1975
eddy-verheyen,1946
eduard-matusevich,1937
edward-julius-schroeder,1911
edward-murphy,1905
edward-roy-tutty,1929
edward-wangberg,1913
edwin-wedge,1911
eevi-huttunen,1922
ekaterina-shikhova,1985
elena-belci,1964
elio-locatelli,1943
elisabeth-van-den-brom,1949
elisabetta-pizio,1971
elizabeth-appleby,1958
elke-felicetti,1970
elli-ochowicz,1983
elma-de-vries,1983
elsa-einarsson,1941
else-ragni-yttredal,1968
elwira-seroczynska,1931
emery-lehman,1996
emese-doerfler-antal,1971
emese-hunyady,1966
emiko-taguchi,1951
emmanuel-michon,1955
enrico-fabris,1981
enrico-musolino,1928
erben-wennemars,1975
erhard-keller,1944
erhard-mayke,1896
eri-natori,1985
eric-brisson,1973
eric-flaim,1967
eric-heiden,1958
eric-zachrisson,1980
erich-korbel,1941
erich-kull,1932
erik-blomgren,1893
erik-henriksen,1958
erika-heinicke,1939
eriko-ishino,1985
eriko-sanmiya,1974
eriko-seo,1979
erling-lindboe,1906
ermanno-ioriatti,1975
ernst-biel,1934
erroll-claude-fraser,1950
erwina-rys,1955
esa-puolakka,1958
eskil-ervik,1975
espen-hvammen,1988
eugene-myron-sandvig,1931
even-wetten,1982
evi-sappl,1947
ewa-malewicka,1955
ewa-wasilewska,1967
ewen-fernandez,1989
falko-zandstra,1971
fausto-marreiros,1966
fedor-mezentsev,1989
fei-wang,1963
fei-fan-wang,1958
fengtong-yu,1984
ferdinand-preindl,1912
fernando-alloni,1925
finn-einar-hodt,1919
finn-helgesen,1919
floriano-martello,1952
floyd-curtis-bedbury,1937
francesca-lollobrigida,1991
frank-dittrich,1967
frank-stack,1906
franz-offenberger,1931
franz-ortner,1905
franziska-schenk,1974
fred-anton-maier,1938
fredrik-van-der-horst,1989
frithjof-paulsen,1895
fritz-moser,1901
fritz-schalij,1957
frode-syvertsen,1963
fumie-hama,1939
fumio-nagakubo,1937
gabi-zange,1961
gabriele-hirschbichler,1983
gaetan-boucher,1958
galina-likhachova,1977
galina-stepanskaya,1949
gary-jonland,1952
gaston-van-hazebroeck,1905
gayle-gordon,1955
gedeon-ladanji,1914
geert-kuiper,1960
geir-karlstad,1963
geoffrey-sandys,1951
geoffrey-stockdale,1944
georg-krog,1946
george-kenneth-kennedy,1913
gerard-cassan,1954
gerard-kemkers,1967
gerard-van-velde,1971
gerardus-maarse,1929
gerhard-strutz,1943
gerhard-zimmermann,1942
giancarlo-gloder,1945
gianni-romme,1973
gilbert-van-eesbeeck,1952
giorgio-cattaneo,1923
giorgio-paganin,1962
giovanni-paganin,1955
giovanni-panciera,1954
gisela-toews,1940
gordon-audley,1928
gordon-goplen,1964
gregor-jelonek,1968
gregory-lyman,1950
gretha-smit,1976
guangbin-liu,1979
gui-fang-wang,1962
gui-feng-cao,1960
guido-caroli,1927
guido-citterio,1931
guido-gillarduzzi,1939
gum-yeen-pak,1964
gunda-niemann-stirnemann,1966
gunilla-jacobsson,1946
gunnar-hallkvist,1919
gunnar-konsmo,1922
guojun-tian,1990
gustaf-andersson-gabeling,1903
gustav-harry-jansson,1916
gustav-slanec,1913
guy-thibault,1964
gwang-hyun-kim,1967
haakan-holmgren,1942
haakon-pedersen,1906
haitske-valentijn,1954
hans-engnestangen,1908
hans-keller,1931
hans-lichtenstern,1948
hans-peter-vogt,1927
hans-sture-magnusson,1960
hans-van-helden,1948
hans-peter-oberhuber,1962
hansruedi-widmer,1944
harald-janemar,1920
harald-norden,1933
harald-oehme,1953
haralds-silovs,1986
harri-ilkka,1970
harry-haraldsen,1911
havard-bokko,1987
havard-lorentzen,1992
heather-bergsma,1989
hedvig-bjelkevik,1981
hege-bokko,1991
hei-sook-kim,1946
heike-hedlund,1942
heike-lange,1955
heike-warnicke,1966
heiko-hasegawa,1955
heinz-sames,1911
heinz-steinberger,1958
heinz-wolfram,1935
helena-pilejczyk,1931
helga-haase,1934
helmut-kuhnert,1936
henk-van-der-grift,1935
henrik-christiansen,1996
henry-hebbe,1915
henry-james-howes,1928
henry-nilsen,1961
henry-wahl,1915
herbert-dijkstra,1966
herbert-schwarz,1953
herma-meyer,1969
hermann-strutz,1938
hilbert-van-der-duim,1957
hildegard-sellhuber,1950
hin-yu-li,1948
hirofumi-otsuka,1947
hiroki-hirako,1982
hiromi-otsu,1984
hiromi-ozawa,1961
hiromi-yamamoto,1970
hiroyasu-shimizu,1974
hiroyuki-noake,1974
hjalmar-andersen,1923
hong-zhang,1987
hong-bo-liu,1973
hong-sun-ha,1991
horst-freese,1944
howard-wayne-campbell,1943
hozumi-moriyama,1967
hroar-elvenes,1932
hua-jin,1972
hubert-gundolf,1952
hui-ren,1983
hun-chun-li,1956
hwa-son-song,1968
hye-ja-han,1941
hye-sook-choi,1971
hyo-chang-lee,1922
hyon-suk-ko,1985
hyun-yung-kim,1994
ida-njatun,1991
ids-postma,1973
igor-bogolyubskiy,1985
igor-makovetsky,1984
igor-malkov,1965
igor-ostashov,1937
igor-zhelezovsky,1963
il-hwan-lee,1946
ilonda-luse,1972
in-chol-choi,1974
in-sook-tak,1949
in-hoon-lee,1970
ines-bautzmann,1958
ingar-nordlund,1922
inge-lieckfeldt,1941
inger-eriksson,1942
ingrid-haringa,1964
ingrid-liepa,1966
ingrid-paul,1964
ingvar-lindberg,1911
ippolito-sanfratello,1973
irina-kourova,1962
irina-yegorova,1940
irving-jaffee,1906
isabell-ost,1988
isabella-doucet,1973
ivan-ruttkay,1926
ivan-skobrev,1983
ivanie-blondin,1990
ivano-bamberghi,1949
ivar-ballangrud,1904
ivar-eriksen,1942
ivar-martinsen,1920
ivar-nilsson,1933
jaakko-friman,1904
jaana-kivipelto,1969
jack-shea,1910
jacob-van-dijk,1944
jacques-thibault,1958
jae-bong-choi,1980
jae-man-park,1980
jae-shik-lee,1972
jakko-jan-leeuwangh,1972
james-graeffe,1911
james-lynch,1948
jan-bazen,1948
jan-blokhuijsen,1989
jan-bols,1944
jan-bos,1975
jan-egil-storholt,1949
jan-friesinger,1980
jan-gunnar-junell,1956
jan-jozwik,1952
jan-kristiansen,1934
jan-langedijk,1910
jan-szymanski,1960
jan-willem-peter-charisius,1926
jan-ykema,1963
jan-ake-thomas-carlberg,1957
janet-goldman,1964
janice-lawler,1944
janice-smith,1945
janina-korowicka,1954
janis-pesman,1931
janne-hanninen,1975
janos-kilian,1922
janusz-kalbarczyk,1910
jarle-pedersen,1955
jarmila-stastna,1932
jaromir-radke,1969
jaromir-turnovsky,1912
jaroslav-doubek,1931
jasmin-krohn,1956
jason-hedstrand,1975
jean-massez,1925
jean-pichette,1963
jean-pierre-gueron,1944
jeanne-ashworth,1938
jeanne-omelenchuk,1931
jeen-van-den-berg,1927
jeffrey-klaiber,1962
jelena-peeters,1985
jennifer-fish,1949
jennifer-jackson,1952
jennifer-rodriguez,1976
jenny-wolf,1979
jens-boden,1978
jeremy-wotherspoon,1976
jeroen-straathof,1972
jerzy-dominik,1964
jia-ji,1985
jilleanne-rookard,1983
jin-woo-lee,1986
jing-yu,1985
jiri-kyncl,1962
jiri-musil,1965
jitsuko-saito,1946
joakim-karlberg,1964
jochem-uytdehaage,1976
joel-eriksson,1984
joey-cheek,1979
joey-mantia,1986
johan-granath,1950
johan-lind,1942
johan-rojler,1981
johann-olav-koss,1968
johanna-schut,1944
john-barry-blewitt,1945
john-baskfield,1965
john-dennis-cronshey,1926
john-french,1955
john-graham-hearn,1929
john-o-farrell,1906
john-roland-werket,1924
john-sands,1933
john-tipper,1944
john-wurster,1948
jonathan-garcia,1986
jonathan-kuck,1990
jondon-trevena,1972
jong-woo-lee,1985
jonny-nilsson,1943
joon-mun,1982
jorg-dallmann,1979
jorien-ter-mors,1989
jorien-voorhuis,1984
jorma-ruissalo,1912
jorrit-bergsma,1986
josef-biebl,1936
josef-reisinger,1940
jouko-ilmari-jokinen,1936
jouko-ilmari-launonen,1939
jouko-salakka,1951
jouko-vesterlund,1959
jozsef-merenyi,1928
jp-shilling,1971
ju-youn-lee,1987
judith-dannhauer,1982
judith-morstein,1943
jukka-salmela,1958
julian-green,1965
julius-skutnabb,1889
jun-dai,1966
jun-hong-liu,1969
jung-hee-choi,1951
junichi-inoue,1971
justin-warsylewicz,1985
k-c-boutiette,1970
kai-arne-engelstad,1954
kai-arne-stenshjemmet,1953
kaija-mustonen,1941
kaija-liisa-keskivitikka,1945
kalervo-hietala,1938
kalevi-laitinen,1919
kali-christ,1991
kaname-ide,1947
kaneko-takahashi,1942
kang-seok-lee,1985
kaoru-fukuda,1955
kapitolina-sereguina,1942
kari-kaaring,1948
karin-kessow,1954
karl-leban,1908
karl-prochaska,1914
karl-wazulek,1914
karolina-erbanova,1992
katarzyna-bachleda-curus,1980
katarzyna-wozniak,1989
kathleen-mulholland,1941
kathleen-vogt,1959
kathryn-class,1963
kathy-gordon,1967
katrin-mattscherodt,1981
kauko-salomaa,1928
kay-lunda,1957
kaylin-irvine,1990
kazuaki-ichimura,1957
kazuhiko-sugawara,1927
kazuhiro-sato,1967
keiichi-suzuki,1942
keiichiro-nagashima,1982
keijo-tapiovaara,1939
keith-harold-meyer,1966
kelly-gunther,1987
kenneth-henry,1929
kenzhesh-orynbayeva,1972
kesato-miyazaki,1981
kevin-marshall,1973
kevin-overland,1974
kevin-scott,1969
kevin-sirois,1949
ki-ho-lee,1970
ki-tae-bae,1965
kim-ruth-ferran,1958
kimihiro-hamaya,1963
kimmo-koskinen,1953
kip-carpenter,1979
kirsti-biermann,1950
kirstin-holum,1980
kiyomi-ito,1949
kiyotaka-takabayashi,1928
kjell-storelid,1970
klara-guseva,1937
klaus-wunderlich,1951
knut-johannesen,1933
knut-tangen,1928
koen-verweij,1990
konrad-nagy,1992
konrad-niedzwiedzki,1985
konrad-pecher,1930
konstantin-kalistratov,1967
konstantine-korotkov,1961
kornel-pajor,1923
kristen-talbot,1970
kristina-groves,1976
kristine-holzer,1974
krisztina-egyed,1976
kunio-nando,1916
kuniomi-haneishi,1975
kurt-eminger,1935
kuy-chin-kim,1945
kwan-kyu-kim,1967
kyle-parrot,1985
kyoko-shimazaki,1972
kyou-hyuk-lee,1978
kyung-hoy-kim,1941
kyung-hee-lee,1958
kyung-ja-lee,1964
kyung-nam-lee,1980
lars-funke,1972
lasma-kaouniste,1942
lasse-efskind,1944
lasse-saetre,1974
laszlo-hidveghy,1911
lauri-parkkinen,1917
laurine-van-riessen,1987
leah-mueller,1951
lennart-carlsson,1951
leo-freisinger,1916
leo-linkovesi,1947
leo-tynkkynen,1934
leo-visser,1966
leon-jucewicz,1902
leslie-bader,1963
lev-zaitzev,1937
li-song,1981
li-zhang,1980
li-mei-wang,1961
lia-van-schie,1970
lidiya-skoblikova,1939
lieuwe-de-boer,1951
lilianna-morawiec,1961
linda-rombouts,1953
lisbeth-korsmo,1948
longjiang-sun,1992
lori-monk,1956
loris-vellar,1950
lotte-van-beek,1991
louis-de-ridder,1902
louis-rupprecht,1925
luca-stefani,1987
lucas-makowsky,1987
lucille-opitz,1977
ludwig-kronfu√ü,1950
luisa-zlotkowska,1986
luitzen-dijkstra,1909
lydia-stephans,1960
lyudmila-kostyukevich,1964
lyudmila-prokasheva,1969
lyudmila-titova,1946
maciej-ustynowicz,1983
magne-thomassen,1941
magnus-enfeldt,1969
maki-tabata,1974
maki-tsuji,1985
makiko-nagaya,1955
manabu-horii,1972
manfred-winter,1954
manfred-zojer,1939
manli-wang,1973
manne-lavaas,1944
marc-pelchat,1967
marcel-tremblay,1965
marcia-parsons,1948
marco-weber,1982
maren-haugli,1985
margaret-crowe,1956
margaret-crowley,1986
margot-boer,1985
mari-hemmer,1983
maria-lamb,1986
marianne-timmer,1974
marie-france-van-helden,1959
marie-lise-perrenoud,1947
marie-pierre-lamarche,1968
marieke-stam,1964
marieke-wijsman,1975
marina-pupina,1977
mario-gios,1932
marion-wohlrab,1974
marja-vis,1977
mark-greenwald,1968
mark-huck,1957
mark-knoll,1976
mark-mitchell,1961
mark-tuitert,1980
marrit-leenstra,1973
martin-feigenwinter,1970
martin-hersman,1974
martin-pierce,1966
martina-sablikova,1987
martine-ivangine,1947
mary-ann-docter,1961
mary-meyers,1946
marzia-peretti,1965
masahiko-yamamoto,1956
masahito-shinohara,1961
masaki-suzuki,1945
masako-hozumi,1986
masanori-aoki,1927
masayuki-kawahara,1956
mathieu-giroux,1986
mats-bolmstedt,1920
mats-wallberg,1949
matteo-anesi,1984
matti-hamberg,1932
matti-tuomi,1925
maurizio-carnino,1975
maurizio-marchetto,1956
max-stiepl,1914
mayumi-yamamoto,1971
mei-ji-piao,1957
mei-yu-kong,1960
menno-boelsma,1961
michael-hadschieff,1963
michael-hall,1970
michael-ireland,1974
michael-kuenzel,1973
michael-richmond,1960
michael-spielmann,1970
michael-staksrud,1908
michael-woods,1952
michel-mulder,1986
michel-thepenier,1945
michelle-kline,1968
michelle-morton,1972
mie-uehara,1971
mihaela-dascalu,1970
mihaly-martos,1945
miho-takagi,1994
mika-poutala,1983
mikael-flygind-larsen,1982
mikhail-vostroknutov,1962
miki-ogasawara,1974
mikio-oyama,1955
min-miao,1960
minna-nystedt,1967
mirko-giacomo-nenzi,1989
misae-takeda,1943
misaki-oshigiri,1992
miyako-sumiyoshi,1987
miyoshi-kato,1962
moniek-kleinsman,1982
monika-holzner-gawenus,1954
monika-zernicek,1954
monique-angermuller,1984
monique-garbrecht-enfeldt,1968
moritz-geisreiter,1987
muncef-ouardi,1986
munehisa-kuroiwa,1966
mutsuhiko-maeda,1947
muzakhid-khabibuline,1933
myong-ja-kim,1955
nam-soon-lee,1961
nami-nemoto,1975
nan-wang,1987
nana-takagi,1992
nancy-louise-swider,1956
nao-kodaira,1986
natalia-czerwonka,1988
natalia-kurova,1962
natalia-polozkova,1972
natalie-grenier,1964
nataliya-rybakova,1981
nathalie-liebknecht,1941
nathaniel-mills,1970
natsue-seki,1966
neal-marshall,1969
neil-blatchford,1945
nenad-zvanut,1962
nian-chun-wang,1956
nick-pearson,1979
nick-thometz,1963
nico-ihle,1985
nico-van-der-vlies,1972
nicola-mayr,1978
nicolaas-olsthoorn,1928
nicolai-stene,1921
nikolay-gulyaev,1966
nikolay-ulyanin,1977
nils-egil-aaness,1936
nina-statkevitch,1944
noriko-munekata,1974
noriko-toda,1965
norio-hirate,1948
norman-arthur-holwell,1928
odd-lundberg,1917
ok-kim,1979
ok-soon-kim,1949
olaf-zinke,1966
olavi-hjellman,1935
oldrich-hanc,1915
oldrich-teply,1942
oleg-bozhyev,1961
oleg-goncharenko,1931
oleg-kostromitin,1972
oleg-pavlov,1966
olga-fatkulina,1990
olga-graf,1983
olga-pleshkova,1956
oloph-granath,1951
osamu-naito,1949
oskar-olsen,1897
ossian-blomqvist,1908
otmar-braunecker,1943
otto-polacsek,1904
oxana-ravilova,1967
pamela-zoellner,1977
pascal-briand,1976
patricia-demartini,1950
patricia-durnin,1959
patricia-tipper,1946
patrick-beckert,1990
patrick-bouchard,1973
patrick-kelly,1962
patrick-meek,1985
paul-alan-enock,1934
paula-dufter,1950
paula-halonen,1945
paulien-van-deutekom,1981
pavel-pegov,1956
pawel-jaroszek,1972
pawel-zygmunt,1972
peggy-clasen,1969
peiyu-jing,1985
pekka-koskela,1982
pekka-lattunen,1938
pentti-lammio,1919
per-bengtsson,1967
per-ivar-moe,1944
per-olof-brogren,1939
per-willy-guttormsen,1942
peter-adeberg,1968
peter-eberling,1952
peter-mueller,1954
peter-toyfl,1941
peter-williamson,1946
petrus-nottet,1944
petter-andersen,1974
philippe-marois,1980
philippe-van-volckxsom,1896
phillip-tahmindjis,1968
pierre-huylebroeck,1922
piet-kleine,1951
pil-hwa-han,1945
qiaobo-ye,1964
qing-zhang,1966
qishi-li,1993
rafael-grach,1932
raimo-hietala,1946
ralf-olin,1925
raymond-edward-blum,1919
raymond-fonvieille,1942
raymond-gilloz,1931
rebekah-bradford,1983
reidar-liaklev,1917
reikichi-nakamura,1916
remo-tomasi,1932
renate-groenewold,1976
renato-de-riva,1937
rene-taubenrauch,1974
richard-howard-hunt,1935
richard-mcdermott,1940
richard-solem,1926
richard-tourne,1951
richard-wurster,1942
rintje-ritsma,1970
risto-rosendahl,1979
rita-blankenburg,1942
roald-aas,1928
roald-larsen,1898
robert-boucher,1943
robert-dubreuil,1967
robert-fitzgerald,1923
robert-grover-petersen,1914
robert-hodges,1943
robert-laboubee,1927
robert-lehmann,1984
robert-merkulov,1931
robert-tremblay,1965
robert-vunderink,1961
roberto-sighel,1967
roelof-koops,1909
roger-capan,1945
roger-schneider,1983
roger-stroem,1966
roland-freier,1964
rolf-falk-larssen,1960
roman-krech,1989
rosemarie-taupadel,1952
rudolf-jeklic,1965
rudolf-kleiner,1924
rudolf-riedl,1907
ruedi-uster,1941
rui-hong-xue,1968
ruth-schleiermacher,1949
ryan-bedford,1986
ryohei-haga,1988
ryoko-onozawa,1951
sabine-becker,1959
sabine-voelker,1973
sachiko-saito,1947
samuel-schwarz,1983
sandra-voetelink,1970
sandra-zwolle,1971
sang-hwa-lee,1989
sang-yeop-yeo,1984
sarah-docter,1964
satomi-koike,1950
sayuri-osuga,1980
sayuri-yoshii,1984
sean-ireland,1969
sebastian-druszkiewicz,1986
seien-kin,1914
seiko-hashimoto,1964
seitoku-ri,1912
sen-za-an,1945
seon-yeon-cho,1980
seon-yeong-noh,1989
seong-youn-choi,1964
sepp-rogger,1915
sergei-marchuk,1952
sergey-fokichev,1963
sergey-ilyushchenko,1980
sergey-khlebnikov,1955
sergey-klevchenya,1971
sergey-savelyev,1972
sergey-tsybenko,1973
seung-hoon-lee,1988
seung-ju-park,1990
seung-hwan-lee,1984
seung-yong-choi,1980
shane-dobbin,1980
shane-williamson,1995
shani-davis,1982
shannon-rempel,1984
sheila-young,1950
shelley-rhead,1965
shi-jian-zhao,1955
shigeyuki-dejima,1982
shiho-ishizawa,1986
shiho-kusunose,1969
shin-young-yang,1990
shingo-doi,1983
shinkichi-takemura,1931
shoko-fujimura,1987
shoko-fusano,1965
shozo-ishihara,1910
shuang-zhang,1987
shuji-kobayashi,1939
siegrit-behrenz,1941
sigrid-smuda,1960
sigrid-sundby,1942
sigurd-moen,1897
sigvard-ericsson,1930
silvia-brunner,1958
simen-spieler-nilsen,1993
simon-heiden,1905
simon-kuipers,1982
sippie-tigchelaar,1952
skadi-walter,1964
slavenko-likic,1974
slawomir-chmura,1983
song-soon-kim,1940
song-hi-kim,1965
sophie-muir,1983
stanislav-selianine,1936
stanislawa-pietruszczak,1953
stanley-clair-fail,1936
stefan-groothuis,1981
stefan-heythausen,1981
stefano-donagrandi,1976
steffen-doring,1960
steinar-johansen,1972
sten-stensen,1947
stephanie-beckert,1988
steven-elm,1975
stian-bjorge,1976
stig-lindberg,1921
sugar-todd,1990
sukenobu-kudo,1927
sung-ae-lee,1962
sung-ryool-ri,1942
sung-woon-bak,1940
susan-auch,1966
susan-massitti,1963
svein-erik-stiansen,1942
sven-gustav-andersson,1921
sven-kramer,1986
sven-olof-dahlberg,1928
sverre-farstad,1920
sverre-haugli,1982
sverre-lunde-pedersen,1992
svetlana-bajanova,1972
svetlana-boiko,1966
svetlana-chepelnikova,1979
svetlana-fedotkina,1967
svetlana-kaykan,1978
svetlana-radkevich,1979
svetlana-vysokova,1972
svetlana-zhurova,1972
sylvain-bouchard,1970
sylvia-burka,1954
sylvia-filipsson,1953
sylvia-white,1943
sylvie-cantin,1970
sylvie-daigle,1962
tadao-ishihata,1941
tadashi-obara,1983
tae-bum-mo,1989
tae-yun-kim,1994
takaharu-nakajima,1983
takahiro-nozaki,1974
takahiro-ushiyama,1981
takayuki-hida,1944
takeo-mizoo,1937
tamara-rylova,1931
tamio-dejima,1947
tara-laszlo,1971
taro-kondo,1994
tatiana-danshina,1975
tatiana-tarasova,1957
tatyana-averina,1950
tatyana-sidorova,1936
tatyana-trapeznikova,1973
terence-monaghan,1933
terje-andersen,1952
teruhiro-sugimori,1982
thea-limbach,1959
theo-meding,1931
thierry-lamberton,1966
thomas-alfred-malkin,1935
thomas-bos,1968
thomas-bryce-dawson,1942
thomas-byberg,1916
thomas-cushman,1964
thomas-james-gray,1945
thomas-kumm,1969
thomas-plant,1957
thomas-ross,1927
thomas-white,1915
tibor-kopacz,1962
tobias-schneider,1992
toivo-ovaska,1899
toivo-salonen,1933
tom-erik-oxholm,1959
tom-overend,1953
tomas-gustafson,1959
tomasz-swist,1974
tommi-pulli,1992
tomomi-okazaki,1971
tonny-de-jong,1974
torodd-hauer,1922
torstein-seiersten,1931
toru-aoyanagi,1968
toshiaki-imamura,1962
toshihiko-itokawa,1974
toshiyuki-kuroiwa,1969
toy-dorgan,1946
toyofumi-aruga,1942
toyoki-takeda,1974
trevor-marsicano,1989
trijnie-rep,1950
tsuneo-sato,1925
tuomas-nieminen,1981
tuula-vilkas,1950
ulf-ekstrand,1957
urpo-pikkupeura,1957
ute-dix,1955
uwe-streb,1963
uwe-jens-mey,1963
vadim-sayutin,1970
valentina-lalenkova,1957
valentina-stenina,1934
valentina-yakshina,1976
valentine-bialas,1903
valeri-kotov,1939
valerii-kaplan,1943
valery-muratov,1946
vanessa-herzog,1995
varvara-barysheva,1977
vasile-coros,1951
vera-krasnova,1950
vesa-rosendahl,1975
viktor-chacherine,1962
viktor-kosichkin,1938
viktor-leskine,1953
viktor-varlamov,1948
villy-haugen,1944
vincent-de-haitre,1994
vitaly-novichenko,1975
vladimir-ivanov,1987
vladimir-klepinin,1971
vladimir-kolar,1927
vladimir-komarov,1949
vladimir-koslov,1958
vladimir-kostin,1976
vladimir-lobanov,1953
vladimir-orlov,1938
wayne-arthur-le-bombard,1944
wei-li,1969
wei-hang-zhao,1950
weijiang-an,1983
wel-za-bak,1944
wendy-thompson,1946
wiggo-kai-hansen,1923
willem-kos,1904
willem-van-der-voort,1923
william-ambrose-carow,1924
william-ashford-jones,1923
william-disney,1932
william-dutton,1989
william-lanigan,1947
willy-de-beer,1942
willy-olsen,1952
wolfgang-scharf,1959
wollert-nygren,1906
xiao-yen-wang,1969
xiaolei-zhang,1983
xin-zhao,1992
xuefeng-gao,1980
xuesong-li,1979
yan-fei-liu,1967
yanchun-you,1976
yang-gao,1993
yasuhiro-shimizu,1958
yasumitsu-kanehama,1963
yasunori-miyabe,1966
yasuo-kawamura,1908
yasushi-kuroiwa,1965
yasushi-suzuki,1962
yayoi-nagaoka,1974
yekaterina-abramova,1982
yekaterina-aydova,1991
yekaterina-lobysheva,1985
yekaterina-malysheva,1987
yep-kramer,1957
yeun-joo-lee,1964
yevgeny-grishin,1931
yevgeny-kulikov,1950
yevgeny-lalenkov,1981
yevgeny-seryayev,1988
ylva-hedlund,1949
yngvar-hafsund-karlsen,1920
yoko-fukazawa,1968
yong-chol-li,1972
yong-hun-song,1972
yong-joo-lee,1980
yong-seok-oh,1969
yongbin-ma,1981
yoshiaki-demachi,1943
yoshihiro-kawano,1943
yoshihiro-kitazawa,1962
yoshiko-takano,1943
yoshitaka-hori,1933
yoshiyasu-gomi,1933
yoshiyuki-shimizu,1969
you-lim-kim,1990
young-bai-choi,1938
young-chin-choi,1922
young-ha-lee,1956
young-hee-kim,1962
young-ok-kim,1966
yue-shi-liu,1968
yuji-fujimoto,1970
yukari-watanabe,1981
yukihiro-mitani,1961
yukinori-miyabe,1968
yuko-ota,1957
yuliya-skokova,1982
yumi-kaeriyama,1967
yuri-obara,1980
yury-kokhanets,1972
yury-kondakov,1951
yury-mikhailov,1930
yushoku-cho,1914
yusuke-imai,1977
yvonne-nauta,1991
yvonne-van-gennip,1964
zbigniew-brodka,1984
zhi-wu-gai,1960
zhongqi-zhang,1982
zhuo-lu,1980
zofia-tokarczyk,1963
